{
  "assets": [
    "Global Equities",
    "EM Equities",
    "Corp Bonds IG",
    "Short Gov Bonds",
    "Long Gov Bonds",
    "Gold",
    "Commodities",
    "Global REITs"
  ],
  "etfs": [
    "VT",
    "VWO",
    "LQD",
    "SHY",
    "TLT",
    "GLD",
    "PDBC",
    "VNQ"
  ],
  "mu": [
    0.12048657551966235,
    0.08084276070041849,
    0.022364820622924463,
    0.016051530191349944,
    -0.022890127152587956,
    0.12040737927493092,
    0.08466313443217699,
    0.048522898471043754
  ],
  "sigma": [
    0.15245459393545904,
    0.1603569321997881,
    0.08352474075935037,
    0.017166435288610785,
    0.135419687925629,
    0.14400424390453548,
    0.2696000238898236,
    0.18479330505823924
  ],
  "corr_matrix": [
    [
      1.0,
      0.818179080250685,
      0.6671815778558553,
      0.1873396884738025,
      0.21682773936350622,
      0.22858612285693955,
      0.23328770974296648,
      0.822384771938704
    ],
    [
      0.818179080250685,
      1.0,
      0.6198417443409743,
      0.22352576703662766,
      0.23225020787299921,
      0.3945567879693425,
      0.3123387166781816,
      0.627062433595952
    ],
    [
      0.6671815778558553,
      0.6198417443409743,
      1.0,
      0.6279651754749154,
      0.7639143193997957,
      0.40161830628001394,
      0.03292595039954906,
      0.6912829913286506
    ],
    [
      0.1873396884738025,
      0.22352576703662766,
      0.6279651754749154,
      1.0,
      0.6708955643780589,
      0.44343546016138324,
      -0.11141948041018826,
      0.24835776117017652
    ],
    [
      0.21682773936350622,
      0.23225020787299921,
      0.7639143193997957,
      0.6708955643780589,
      1.0,
      0.4014028698888518,
      -0.1551606822371985,
      0.39744109401056193
    ],
    [
      0.22858612285693955,
      0.3945567879693425,
      0.40161830628001394,
      0.44343546016138324,
      0.4014028698888518,
      1.0,
      -0.03152584122816732,
      0.2469868974341901
    ],
    [
      0.23328770974296648,
      0.3123387166781816,
      0.03292595039954906,
      -0.11141948041018826,
      -0.1551606822371985,
      -0.03152584122816732,
      1.0,
      0.09170342585119154
    ],
    [
      0.822384771938704,
      0.627062433595952,
      0.6912829913286506,
      0.24835776117017652,
      0.39744109401056193,
      0.2469868974341901,
      0.09170342585119154,
      1.0
    ]
  ]
}